{"name":"Solusita","short_name":"Solusita","description":"Solusita: pemesanan layanan kebersihan, jadwal, dan pembayaran pelanggan.","lang":"id","dir":"ltr","orientation":"portrait","start_url":"/customer/login","scope":"/customer/","display":"standalone","background_color":"#f2f6ff","theme_color":"#4b88ff","prefer_related_applications":false,"icons":[{"src":"/icons/pwa/192.png","sizes":"192x192","type":"image/png","purpose":"any"},{"src":"/icons/pwa/512.png","sizes":"512x512","type":"image/png","purpose":"any"}]}